X,route,method,n_human,n_llm,accuracy,macro_f1,weighted_f1,f1_yes,coverage,seconds
5,human_plus_llm,MajorityVote,49,926,0.7621,0.6224,0.7357,0.3927,1.0,0.0
5,human_plus_llm,Wawa,49,926,0.7621,0.6224,0.7357,0.3927,1.0,0.0
5,human_plus_llm,DawidSkene,49,926,0.7631,0.6277,0.7384,0.4031,1.0,0.2
5,human_plus_llm,OneCoinDawidSkene,49,926,0.7631,0.6232,0.7365,0.3937,1.0,0.2
5,human_plus_llm,ZeroBasedSkill,49,926,0.7621,0.6224,0.7357,0.3927,1.0,1.6
5,human_plus_llm,MMSR,49,926,0.7641,0.6271,0.7386,0.401,1.0,2.9
10,human_plus_llm,MajorityVote,98,877,0.7713,0.6226,0.7395,0.3857,1.0,0.0
10,human_plus_llm,Wawa,98,877,0.7713,0.6226,0.7395,0.3857,1.0,0.0
10,human_plus_llm,DawidSkene,98,877,0.7651,0.622,0.7367,0.3893,1.0,0.2
10,human_plus_llm,OneCoinDawidSkene,98,877,0.7713,0.6226,0.7395,0.3857,1.0,0.4
10,human_plus_llm,ZeroBasedSkill,98,877,0.7713,0.6226,0.7395,0.3857,1.0,1.7
10,human_plus_llm,MMSR,98,877,0.7703,0.6217,0.7386,0.3846,1.0,3.9
15,human_plus_llm,MajorityVote,146,829,0.7795,0.6282,0.7452,0.3909,1.0,0.0
15,human_plus_llm,Wawa,146,829,0.7795,0.6282,0.7452,0.3909,1.0,0.1
15,human_plus_llm,DawidSkene,146,829,0.7744,0.6331,0.7454,0.4054,1.0,0.2
15,human_plus_llm,OneCoinDawidSkene,146,829,0.7795,0.6282,0.7452,0.3909,1.0,0.6
15,human_plus_llm,ZeroBasedSkill,146,829,0.7795,0.6282,0.7452,0.3909,1.0,1.7
15,human_plus_llm,MMSR,146,829,0.7795,0.6298,0.7459,0.3944,1.0,4.3
20,human_plus_llm,MajorityVote,195,780,0.7826,0.6241,0.7445,0.3801,1.0,0.0
20,human_plus_llm,Wawa,195,780,0.7826,0.6241,0.7445,0.3801,1.0,0.1
20,human_plus_llm,DawidSkene,195,780,0.7703,0.6233,0.7394,0.388,1.0,0.3
20,human_plus_llm,OneCoinDawidSkene,195,780,0.7856,0.6269,0.7469,0.3835,1.0,0.4
20,human_plus_llm,ZeroBasedSkill,195,780,0.7826,0.6241,0.7445,0.3801,1.0,1.8
20,human_plus_llm,MMSR,195,780,0.7826,0.6259,0.7453,0.3837,1.0,5.5
25,human_plus_llm,MajorityVote,244,731,0.7815,0.6161,0.7404,0.3642,1.0,0.0
25,human_plus_llm,Wawa,244,731,0.7815,0.6161,0.7404,0.3642,1.0,0.1
25,human_plus_llm,DawidSkene,244,731,0.7703,0.6233,0.7394,0.388,1.0,0.1
25,human_plus_llm,OneCoinDawidSkene,244,731,0.7836,0.6161,0.7412,0.3625,1.0,0.6
25,human_plus_llm,ZeroBasedSkill,244,731,0.7815,0.6161,0.7404,0.3642,1.0,1.8
25,human_plus_llm,MMSR,244,731,0.7826,0.6206,0.7429,0.3728,1.0,5.7
30,human_plus_llm,MajorityVote,292,683,0.7836,0.6179,0.742,0.3664,1.0,0.0
30,human_plus_llm,Wawa,292,683,0.7836,0.6179,0.742,0.3664,1.0,0.0
30,human_plus_llm,DawidSkene,292,683,0.7744,0.6331,0.7454,0.4054,1.0,0.1
30,human_plus_llm,OneCoinDawidSkene,292,683,0.7867,0.6207,0.7445,0.3697,1.0,0.4
30,human_plus_llm,ZeroBasedSkill,292,683,0.7836,0.6179,0.742,0.3664,1.0,1.9
30,human_plus_llm,MMSR,292,683,0.7826,0.6188,0.7421,0.369,1.0,5.3
35,human_plus_llm,MajorityVote,341,634,0.7785,0.6041,0.7337,0.3415,1.0,0.0
35,human_plus_llm,Wawa,341,634,0.7785,0.6041,0.7337,0.3415,1.0,0.0
35,human_plus_llm,DawidSkene,341,634,0.7692,0.6224,0.7386,0.3869,1.0,0.1
35,human_plus_llm,OneCoinDawidSkene,341,634,0.7805,0.6039,0.7344,0.3395,1.0,0.6
35,human_plus_llm,ZeroBasedSkill,341,634,0.7785,0.6041,0.7337,0.3415,1.0,1.9
35,human_plus_llm,MMSR,341,634,0.7785,0.6079,0.7355,0.3494,1.0,5.6
40,human_plus_llm,MajorityVote,390,585,0.7764,0.5965,0.7294,0.3272,1.0,0.0
40,human_plus_llm,Wawa,390,585,0.7764,0.5965,0.7294,0.3272,1.0,0.0
40,human_plus_llm,DawidSkene,390,585,0.7662,0.6149,0.734,0.3736,1.0,0.1
40,human_plus_llm,OneCoinDawidSkene,390,585,0.7785,0.5962,0.7301,0.325,1.0,0.5
40,human_plus_llm,ZeroBasedSkill,390,585,0.7764,0.5965,0.7294,0.3272,1.0,1.9
40,human_plus_llm,MMSR,390,585,0.7774,0.6013,0.7321,0.3364,1.0,5.7
45,human_plus_llm,MajorityVote,439,536,0.7774,0.5974,0.7302,0.3282,1.0,0.0
45,human_plus_llm,Wawa,439,536,0.7774,0.5974,0.7302,0.3282,1.0,0.0
45,human_plus_llm,DawidSkene,439,536,0.7651,0.6173,0.7346,0.3794,1.0,0.1
45,human_plus_llm,OneCoinDawidSkene,439,536,0.7795,0.5971,0.7308,0.326,1.0,0.6
45,human_plus_llm,ZeroBasedSkill,439,536,0.7774,0.5974,0.7302,0.3282,1.0,2.0
45,human_plus_llm,MMSR,439,536,0.7764,0.6005,0.7313,0.3354,1.0,6.4
50,human_plus_llm,MajorityVote,488,487,0.7733,0.5838,0.7223,0.3028,1.0,0.0
50,human_plus_llm,Wawa,488,487,0.7733,0.5838,0.7223,0.3028,1.0,0.0
50,human_plus_llm,DawidSkene,488,487,0.7631,0.6123,0.7316,0.3706,1.0,0.1
50,human_plus_llm,OneCoinDawidSkene,488,487,0.7754,0.5833,0.7229,0.3003,1.0,0.5
50,human_plus_llm,ZeroBasedSkill,488,487,0.7733,0.5838,0.7223,0.3028,1.0,2.1
50,human_plus_llm,MMSR,488,487,0.7713,0.5842,0.7218,0.3053,1.0,6.8
55,human_plus_llm,MajorityVote,536,439,0.7703,0.5749,0.717,0.2866,1.0,0.0
55,human_plus_llm,Wawa,536,439,0.7703,0.5749,0.717,0.2866,1.0,0.0
55,human_plus_llm,DawidSkene,536,439,0.7569,0.6023,0.7246,0.3542,1.0,0.1
55,human_plus_llm,OneCoinDawidSkene,536,439,0.7723,0.5743,0.7175,0.2839,1.0,0.6
55,human_plus_llm,ZeroBasedSkill,536,439,0.7703,0.5749,0.717,0.2866,1.0,2.1
55,human_plus_llm,MMSR,536,439,0.7682,0.5775,0.7176,0.2938,1.0,7.0
60,human_plus_llm,MajorityVote,585,390,0.7713,0.5757,0.7178,0.2875,1.0,0.0
60,human_plus_llm,Wawa,585,390,0.7723,0.5786,0.7196,0.293,1.0,0.0
60,human_plus_llm,DawidSkene,585,390,0.759,0.6089,0.7284,0.3666,1.0,0.1
60,human_plus_llm,OneCoinDawidSkene,585,390,0.7733,0.5751,0.7183,0.2848,1.0,0.7
60,human_plus_llm,ZeroBasedSkill,585,390,0.7723,0.5786,0.7196,0.293,1.0,2.2
60,human_plus_llm,MMSR,585,390,0.7713,0.5778,0.7188,0.2921,1.0,7.6
65,human_plus_llm,MajorityVote,634,341,0.7713,0.5734,0.7168,0.283,1.0,0.0
65,human_plus_llm,Wawa,634,341,0.7723,0.5765,0.7185,0.2885,1.0,0.0
65,human_plus_llm,DawidSkene,634,341,0.761,0.6122,0.7307,0.372,1.0,0.1
65,human_plus_llm,OneCoinDawidSkene,634,341,0.7733,0.5728,0.7172,0.2801,1.0,0.8
65,human_plus_llm,ZeroBasedSkill,634,341,0.7723,0.5765,0.7185,0.2885,1.0,2.2
65,human_plus_llm,MMSR,634,341,0.7713,0.5757,0.7178,0.2875,1.0,7.7
70,human_plus_llm,MajorityVote,682,293,0.7631,0.5487,0.7021,0.2376,1.0,0.0
70,human_plus_llm,Wawa,682,293,0.7641,0.5518,0.704,0.2434,1.0,0.0
70,human_plus_llm,DawidSkene,682,293,0.759,0.6006,0.7247,0.349,1.0,0.1
70,human_plus_llm,OneCoinDawidSkene,682,293,0.7662,0.5509,0.7043,0.24,1.0,0.3
70,human_plus_llm,ZeroBasedSkill,682,293,0.7641,0.5518,0.704,0.2434,1.0,2.3
70,human_plus_llm,MMSR,682,293,0.7631,0.5511,0.7033,0.2426,1.0,7.8
75,human_plus_llm,MajorityVote,731,244,0.7631,0.5462,0.701,0.2326,1.0,0.0
75,human_plus_llm,Wawa,731,244,0.7641,0.5494,0.7029,0.2384,1.0,0.1
75,human_plus_llm,DawidSkene,731,244,0.76,0.6031,0.7262,0.3536,1.0,0.1
75,human_plus_llm,OneCoinDawidSkene,731,244,0.7662,0.5509,0.7043,0.24,1.0,0.3
75,human_plus_llm,ZeroBasedSkill,731,244,0.7641,0.5494,0.7029,0.2384,1.0,2.3
75,human_plus_llm,MMSR,731,244,0.7631,0.5487,0.7021,0.2376,1.0,8.0
80,human_plus_llm,MajorityVote,780,195,0.7641,0.547,0.7017,0.2333,1.0,0.0
80,human_plus_llm,Wawa,780,195,0.7651,0.5502,0.7036,0.2392,1.0,0.1
80,human_plus_llm,DawidSkene,780,195,0.759,0.6023,0.7254,0.3526,1.0,0.7
80,human_plus_llm,OneCoinDawidSkene,780,195,0.7672,0.5517,0.705,0.2408,1.0,0.3
80,human_plus_llm,ZeroBasedSkill,780,195,0.7651,0.5502,0.7036,0.2392,1.0,2.4
80,human_plus_llm,MMSR,780,195,0.7631,0.5462,0.701,0.2326,1.0,8.3
85,human_plus_llm,MajorityVote,829,146,0.7641,0.547,0.7017,0.2333,1.0,0.0
85,human_plus_llm,Wawa,829,146,0.7651,0.5502,0.7036,0.2392,1.0,0.1
85,human_plus_llm,DawidSkene,829,146,0.7579,0.6048,0.7261,0.3587,1.0,0.1
85,human_plus_llm,OneCoinDawidSkene,829,146,0.7672,0.5517,0.705,0.2408,1.0,0.3
85,human_plus_llm,ZeroBasedSkill,829,146,0.7651,0.5502,0.7036,0.2392,1.0,2.4
85,human_plus_llm,MMSR,829,146,0.7631,0.5462,0.701,0.2326,1.0,8.5
90,human_plus_llm,MajorityVote,878,97,0.7641,0.547,0.7017,0.2333,1.0,0.0
90,human_plus_llm,Wawa,878,97,0.7651,0.5502,0.7036,0.2392,1.0,0.1
90,human_plus_llm,DawidSkene,878,97,0.759,0.6073,0.7277,0.3631,1.0,0.1
90,human_plus_llm,OneCoinDawidSkene,878,97,0.7672,0.5517,0.705,0.2408,1.0,0.4
90,human_plus_llm,ZeroBasedSkill,878,97,0.7651,0.5502,0.7036,0.2392,1.0,2.5
90,human_plus_llm,MMSR,878,97,0.7641,0.5494,0.7029,0.2384,1.0,8.5
95,human_plus_llm,MajorityVote,926,49,0.7641,0.547,0.7017,0.2333,1.0,0.0
95,human_plus_llm,Wawa,926,49,0.7651,0.5502,0.7036,0.2392,1.0,0.1
95,human_plus_llm,DawidSkene,926,49,0.7559,0.6047,0.7253,0.3602,1.0,0.1
95,human_plus_llm,OneCoinDawidSkene,926,49,0.7672,0.5517,0.705,0.2408,1.0,0.3
95,human_plus_llm,ZeroBasedSkill,926,49,0.7651,0.5502,0.7036,0.2392,1.0,2.5
95,human_plus_llm,MMSR,926,49,0.7641,0.5494,0.7029,0.2384,1.0,8.5
