X,route,method,n_human,n_llm,accuracy,macro_f1,weighted_f1,f1_pos,coverage,seconds
5,human_plus_llm,MajorityVote,250,4749,0.9086,0.9083,0.9083,0.9031,1.0,0.1
5,human_plus_llm,Wawa,250,4749,0.9076,0.9073,0.9073,0.9019,1.0,0.1
5,human_plus_llm,DawidSkene,250,4749,0.903,0.9026,0.9025,0.8961,1.0,0.3
5,human_plus_llm,OneCoinDawidSkene,250,4749,0.91,0.9097,0.9097,0.9049,1.0,0.9
5,human_plus_llm,ZeroBasedSkill,250,4749,0.9054,0.905,0.905,0.8992,1.0,1.9
5,human_plus_llm,MMSR,250,4749,0.9064,0.906,0.906,0.9001,1.0,0.9
5,human_plus_llm,GLAD,250,4749,0.9068,0.9064,0.9064,0.9008,1.0,15.3
5,human_plus_llm,MACE,250,4749,0.9068,0.9064,0.9064,0.9009,1.0,15.1
10,human_plus_llm,MajorityVote,500,4499,0.9134,0.9132,0.9132,0.9092,1.0,0.1
10,human_plus_llm,Wawa,500,4499,0.9134,0.9132,0.9132,0.909,1.0,0.1
10,human_plus_llm,DawidSkene,500,4499,0.912,0.9117,0.9117,0.9069,1.0,1.1
10,human_plus_llm,OneCoinDawidSkene,500,4499,0.9162,0.9161,0.9161,0.9128,1.0,0.9
10,human_plus_llm,ZeroBasedSkill,500,4499,0.9124,0.9121,0.9121,0.9076,1.0,2.1
10,human_plus_llm,MMSR,500,4499,0.9092,0.9089,0.9089,0.9039,1.0,0.9
10,human_plus_llm,GLAD,500,4499,0.915,0.9148,0.9148,0.9106,1.0,15.9
10,human_plus_llm,MACE,500,4499,0.9144,0.9142,0.9142,0.91,1.0,16.5
15,human_plus_llm,MajorityVote,750,4249,0.9166,0.9165,0.9165,0.9135,1.0,0.1
15,human_plus_llm,Wawa,750,4249,0.915,0.9148,0.9148,0.9114,1.0,0.1
15,human_plus_llm,DawidSkene,750,4249,0.9142,0.9139,0.9139,0.9093,1.0,2.9
15,human_plus_llm,OneCoinDawidSkene,750,4249,0.9192,0.9191,0.9191,0.9168,1.0,0.6
15,human_plus_llm,ZeroBasedSkill,750,4249,0.9146,0.9144,0.9144,0.9105,1.0,2.2
15,human_plus_llm,MMSR,750,4249,0.9134,0.9132,0.9132,0.9095,1.0,1.2
15,human_plus_llm,GLAD,750,4249,0.9184,0.9182,0.9182,0.9149,1.0,20.4
15,human_plus_llm,MACE,750,4249,0.917,0.9168,0.9168,0.9133,1.0,18.2
20,human_plus_llm,MajorityVote,1000,3999,0.92,0.9199,0.9199,0.9176,1.0,0.1
20,human_plus_llm,Wawa,1000,3999,0.9196,0.9195,0.9195,0.9166,1.0,0.1
20,human_plus_llm,DawidSkene,1000,3999,0.9172,0.917,0.917,0.913,1.0,2.3
20,human_plus_llm,OneCoinDawidSkene,1000,3999,0.9228,0.9227,0.9227,0.9209,1.0,0.6
20,human_plus_llm,ZeroBasedSkill,1000,3999,0.9176,0.9174,0.9174,0.9141,1.0,2.4
20,human_plus_llm,MMSR,1000,3999,0.9164,0.9163,0.9163,0.913,1.0,1.4
20,human_plus_llm,GLAD,1000,3999,0.922,0.9219,0.9219,0.9189,1.0,23.8
20,human_plus_llm,MACE,1000,3999,0.9204,0.9203,0.9203,0.9174,1.0,19.4
25,human_plus_llm,MajorityVote,1250,3749,0.919,0.919,0.919,0.9174,1.0,0.1
25,human_plus_llm,Wawa,1250,3749,0.9202,0.9201,0.9201,0.918,1.0,0.1
25,human_plus_llm,DawidSkene,1250,3749,0.92,0.9198,0.9198,0.9165,1.0,2.0
25,human_plus_llm,OneCoinDawidSkene,1250,3749,0.9236,0.9236,0.9236,0.9223,1.0,0.5
25,human_plus_llm,ZeroBasedSkill,1250,3749,0.9188,0.9187,0.9187,0.9159,1.0,2.6
25,human_plus_llm,MMSR,1250,3749,0.921,0.9209,0.9209,0.9185,1.0,1.6
25,human_plus_llm,GLAD,1250,3749,0.9236,0.9235,0.9235,0.9211,1.0,19.9
25,human_plus_llm,MACE,1250,3749,0.9222,0.9221,0.9221,0.9198,1.0,20.6
30,human_plus_llm,MajorityVote,1500,3499,0.9122,0.9121,0.9121,0.9088,1.0,0.1
30,human_plus_llm,Wawa,1500,3499,0.9188,0.9187,0.9187,0.9163,1.0,0.1
30,human_plus_llm,DawidSkene,1500,3499,0.9212,0.921,0.921,0.9177,1.0,0.5
30,human_plus_llm,OneCoinDawidSkene,1500,3499,0.9238,0.9238,0.9238,0.9226,1.0,0.5
30,human_plus_llm,ZeroBasedSkill,1500,3499,0.9196,0.9195,0.9195,0.9173,1.0,2.7
30,human_plus_llm,GLAD,1500,3499,0.9262,0.9261,0.9261,0.9241,1.0,28.6
30,human_plus_llm,MACE,1500,3499,0.9256,0.9255,0.9255,0.9235,1.0,22.5
35,human_plus_llm,MajorityVote,1750,3249,0.9116,0.9115,0.9115,0.9085,1.0,0.1
35,human_plus_llm,Wawa,1750,3249,0.9186,0.9185,0.9185,0.9165,1.0,0.1
35,human_plus_llm,DawidSkene,1750,3249,0.9216,0.9215,0.9215,0.9183,1.0,0.2
35,human_plus_llm,OneCoinDawidSkene,1750,3249,0.9246,0.9246,0.9246,0.9236,1.0,0.4
35,human_plus_llm,ZeroBasedSkill,1750,3249,0.9192,0.9191,0.9191,0.9172,1.0,2.9
35,human_plus_llm,GLAD,1750,3249,0.927,0.9269,0.9269,0.9253,1.0,30.6
35,human_plus_llm,MACE,1750,3249,0.9252,0.9251,0.9251,0.9233,1.0,23.6
40,human_plus_llm,MajorityVote,2000,2999,0.91,0.9099,0.9099,0.9071,1.0,0.1
40,human_plus_llm,Wawa,2000,2999,0.9174,0.9173,0.9173,0.9155,1.0,0.1
40,human_plus_llm,DawidSkene,2000,2999,0.9218,0.9217,0.9217,0.9189,1.0,0.2
40,human_plus_llm,OneCoinDawidSkene,2000,2999,0.9238,0.9238,0.9238,0.9229,1.0,0.4
40,human_plus_llm,ZeroBasedSkill,2000,2999,0.9186,0.9185,0.9185,0.9169,1.0,3.1
40,human_plus_llm,GLAD,2000,2999,0.9244,0.9243,0.9243,0.9227,1.0,30.3
40,human_plus_llm,MACE,2000,2999,0.9226,0.9225,0.9225,0.9207,1.0,24.9
45,human_plus_llm,MajorityVote,2250,2749,0.9106,0.9105,0.9105,0.9079,1.0,0.1
45,human_plus_llm,Wawa,2250,2749,0.9192,0.9192,0.9192,0.9176,1.0,0.1
45,human_plus_llm,DawidSkene,2250,2749,0.9226,0.9225,0.9225,0.9199,1.0,0.2
45,human_plus_llm,OneCoinDawidSkene,2250,2749,0.9258,0.9258,0.9258,0.9249,1.0,0.4
45,human_plus_llm,ZeroBasedSkill,2250,2749,0.92,0.92,0.92,0.9185,1.0,3.3
45,human_plus_llm,MMSR,2250,2749,0.9178,0.9178,0.9178,0.9163,1.0,2.4
45,human_plus_llm,GLAD,2250,2749,0.9262,0.9262,0.9262,0.9246,1.0,21.0
45,human_plus_llm,MACE,2250,2749,0.9238,0.9237,0.9237,0.9221,1.0,26.2
50,human_plus_llm,MajorityVote,2500,2499,0.91,0.9099,0.9099,0.9074,1.0,0.1
50,human_plus_llm,Wawa,2500,2499,0.9188,0.9188,0.9188,0.9173,1.0,0.1
50,human_plus_llm,DawidSkene,2500,2499,0.9228,0.9227,0.9227,0.9203,1.0,0.2
50,human_plus_llm,OneCoinDawidSkene,2500,2499,0.9254,0.9254,0.9254,0.9245,1.0,0.4
50,human_plus_llm,ZeroBasedSkill,2500,2499,0.9198,0.9198,0.9198,0.9183,1.0,3.4
50,human_plus_llm,MMSR,2500,2499,0.9194,0.9194,0.9194,0.9182,1.0,2.5
50,human_plus_llm,GLAD,2500,2499,0.9244,0.9244,0.9244,0.9228,1.0,34.6
50,human_plus_llm,MACE,2500,2499,0.924,0.924,0.9239,0.9224,1.0,27.7
55,human_plus_llm,MajorityVote,2749,2250,0.9094,0.9093,0.9093,0.9069,1.0,0.1
55,human_plus_llm,Wawa,2749,2250,0.9184,0.9184,0.9184,0.917,1.0,0.1
55,human_plus_llm,DawidSkene,2749,2250,0.9218,0.9217,0.9217,0.9194,1.0,0.2
55,human_plus_llm,OneCoinDawidSkene,2749,2250,0.926,0.926,0.926,0.9251,1.0,0.4
55,human_plus_llm,ZeroBasedSkill,2749,2250,0.9192,0.9192,0.9192,0.9179,1.0,3.5
55,human_plus_llm,GLAD,2749,2250,0.9232,0.9231,0.9231,0.9214,1.0,29.4
55,human_plus_llm,MACE,2749,2250,0.9242,0.9242,0.9242,0.9226,1.0,29.4
60,human_plus_llm,MajorityVote,2999,2000,0.9092,0.9091,0.9091,0.9069,1.0,0.1
60,human_plus_llm,Wawa,2999,2000,0.9182,0.9182,0.9182,0.9169,1.0,0.1
60,human_plus_llm,DawidSkene,2999,2000,0.9224,0.9223,0.9223,0.9203,1.0,0.2
60,human_plus_llm,OneCoinDawidSkene,2999,2000,0.926,0.926,0.926,0.925,1.0,0.5
60,human_plus_llm,ZeroBasedSkill,2999,2000,0.9182,0.9182,0.9182,0.917,1.0,3.6
60,human_plus_llm,MMSR,2999,2000,0.9198,0.9198,0.9198,0.919,1.0,2.8
60,human_plus_llm,GLAD,2999,2000,0.9242,0.9242,0.9242,0.9227,1.0,22.8
60,human_plus_llm,MACE,2999,2000,0.9234,0.9234,0.9234,0.9219,1.0,30.7
65,human_plus_llm,MajorityVote,3249,1750,0.9072,0.9071,0.9071,0.905,1.0,0.1
65,human_plus_llm,Wawa,3249,1750,0.9164,0.9164,0.9164,0.9153,1.0,0.1
65,human_plus_llm,DawidSkene,3249,1750,0.9212,0.9211,0.9211,0.9192,1.0,0.2
65,human_plus_llm,OneCoinDawidSkene,3249,1750,0.9248,0.9248,0.9248,0.9238,1.0,0.4
65,human_plus_llm,ZeroBasedSkill,3249,1750,0.9166,0.9166,0.9166,0.9155,1.0,3.9
65,human_plus_llm,MMSR,3249,1750,0.9176,0.9176,0.9176,0.9168,1.0,3.0
65,human_plus_llm,GLAD,3249,1750,0.9236,0.9236,0.9236,0.9222,1.0,23.9
65,human_plus_llm,MACE,3249,1750,0.9234,0.9234,0.9234,0.9221,1.0,31.5
70,human_plus_llm,MajorityVote,3499,1500,0.9062,0.9061,0.9061,0.904,1.0,0.1
70,human_plus_llm,Wawa,3499,1500,0.9158,0.9158,0.9158,0.9148,1.0,0.1
70,human_plus_llm,DawidSkene,3499,1500,0.9212,0.9211,0.9211,0.9192,1.0,0.3
70,human_plus_llm,OneCoinDawidSkene,3499,1500,0.9238,0.9238,0.9238,0.9228,1.0,0.4
70,human_plus_llm,ZeroBasedSkill,3499,1500,0.916,0.916,0.916,0.915,1.0,4.0
70,human_plus_llm,MMSR,3499,1500,0.9172,0.9172,0.9172,0.9165,1.0,3.2
70,human_plus_llm,GLAD,3499,1500,0.9228,0.9228,0.9228,0.9214,1.0,21.0
70,human_plus_llm,MACE,3499,1500,0.9228,0.9228,0.9228,0.9216,1.0,33.0
75,human_plus_llm,MajorityVote,3749,1250,0.9058,0.9057,0.9057,0.9037,1.0,0.1
75,human_plus_llm,Wawa,3749,1250,0.915,0.915,0.915,0.914,1.0,0.2
75,human_plus_llm,DawidSkene,3749,1250,0.9212,0.9211,0.9211,0.9193,1.0,0.3
75,human_plus_llm,OneCoinDawidSkene,3749,1250,0.9234,0.9234,0.9234,0.9223,1.0,0.4
75,human_plus_llm,ZeroBasedSkill,3749,1250,0.9152,0.9152,0.9152,0.9143,1.0,4.1
75,human_plus_llm,MMSR,3749,1250,0.9166,0.9166,0.9166,0.9158,1.0,3.3
75,human_plus_llm,GLAD,3749,1250,0.9218,0.9218,0.9218,0.9204,1.0,33.1
75,human_plus_llm,MACE,3749,1250,0.9222,0.9222,0.9222,0.921,1.0,34.5
80,human_plus_llm,MajorityVote,3999,1000,0.9056,0.9055,0.9055,0.9035,1.0,0.1
80,human_plus_llm,Wawa,3999,1000,0.9152,0.9152,0.9152,0.9143,1.0,0.1
80,human_plus_llm,DawidSkene,3999,1000,0.922,0.9219,0.9219,0.9201,1.0,0.3
80,human_plus_llm,OneCoinDawidSkene,3999,1000,0.9232,0.9232,0.9232,0.9221,1.0,0.4
80,human_plus_llm,ZeroBasedSkill,3999,1000,0.9154,0.9154,0.9154,0.9145,1.0,4.3
80,human_plus_llm,MMSR,3999,1000,0.9182,0.9182,0.9182,0.9177,1.0,3.5
80,human_plus_llm,GLAD,3999,1000,0.9218,0.9218,0.9218,0.9204,1.0,40.5
80,human_plus_llm,MACE,3999,1000,0.9224,0.9224,0.9224,0.9212,1.0,36.3
85,human_plus_llm,MajorityVote,4249,750,0.9056,0.9055,0.9055,0.9035,1.0,0.1
85,human_plus_llm,Wawa,4249,750,0.9152,0.9152,0.9152,0.9143,1.0,0.1
85,human_plus_llm,DawidSkene,4249,750,0.9228,0.9227,0.9227,0.921,1.0,0.3
85,human_plus_llm,OneCoinDawidSkene,4249,750,0.9224,0.9224,0.9224,0.9211,1.0,0.5
85,human_plus_llm,ZeroBasedSkill,4249,750,0.9152,0.9152,0.9152,0.9143,1.0,4.5
85,human_plus_llm,MMSR,4249,750,0.9182,0.9182,0.9182,0.9176,1.0,3.7
85,human_plus_llm,GLAD,4249,750,0.9214,0.9214,0.9214,0.9198,1.0,36.4
85,human_plus_llm,MACE,4249,750,0.923,0.923,0.923,0.9219,1.0,37.7
90,human_plus_llm,MajorityVote,4499,500,0.9042,0.9041,0.9041,0.9062,1.0,0.1
90,human_plus_llm,Wawa,4499,500,0.9148,0.9148,0.9148,0.9143,1.0,0.1
90,human_plus_llm,DawidSkene,4499,500,0.9234,0.9233,0.9233,0.9217,1.0,0.4
90,human_plus_llm,OneCoinDawidSkene,4499,500,0.9224,0.9224,0.9224,0.921,1.0,0.5
90,human_plus_llm,ZeroBasedSkill,4499,500,0.915,0.915,0.915,0.9142,1.0,4.7
90,human_plus_llm,MMSR,4499,500,0.9196,0.9196,0.9196,0.919,1.0,3.9
90,human_plus_llm,GLAD,4499,500,0.9224,0.9224,0.9224,0.9208,1.0,39.0
90,human_plus_llm,MACE,4499,500,0.9222,0.9222,0.9222,0.9208,1.0,39.4
95,human_plus_llm,MajorityVote,4749,250,0.9034,0.9033,0.9033,0.9055,1.0,0.1
95,human_plus_llm,Wawa,4749,250,0.9142,0.9142,0.9142,0.9137,1.0,0.2
95,human_plus_llm,DawidSkene,4749,250,0.9236,0.9235,0.9235,0.9218,1.0,0.5
95,human_plus_llm,OneCoinDawidSkene,4749,250,0.9222,0.9222,0.9222,0.9208,1.0,0.6
95,human_plus_llm,ZeroBasedSkill,4749,250,0.9148,0.9148,0.9148,0.914,1.0,4.8
95,human_plus_llm,MMSR,4749,250,0.9184,0.9184,0.9184,0.9178,1.0,4.0
95,human_plus_llm,GLAD,4749,250,0.9216,0.9216,0.9216,0.9201,1.0,34.5
95,human_plus_llm,MACE,4749,250,0.922,0.922,0.922,0.9206,1.0,39.9
