X,route,method,n_human,n_llm,accuracy,macro_f1,weighted_f1,coverage,seconds
5,human_only,MajorityVote,50,950,0.752,0.7207,0.7233,1.0,0.0
5,human_only,Wawa,50,950,0.751,0.7197,0.7221,1.0,0.0
5,human_only,DawidSkene,50,950,0.752,0.7219,0.7243,1.0,0.2
5,human_only,OneCoinDawidSkene,50,950,0.753,0.7202,0.7232,1.0,2.1
5,human_only,ZeroBasedSkill,50,950,0.751,0.7193,0.7217,1.0,1.6
5,human_only,MMSR,50,950,0.748,0.7167,0.7188,1.0,0.1
5,human_only,GLAD,50,950,0.754,0.7227,0.7256,1.0,1.2
5,human_only,MACE,50,950,0.754,0.7229,0.7258,1.0,23.8
10,human_only,MajorityVote,100,900,0.761,0.7329,0.7361,1.0,0.0
10,human_only,Wawa,100,900,0.759,0.7287,0.7321,1.0,0.0
10,human_only,DawidSkene,100,900,0.752,0.7201,0.7228,1.0,0.4
10,human_only,OneCoinDawidSkene,100,900,0.755,0.722,0.726,1.0,2.8
10,human_only,ZeroBasedSkill,100,900,0.756,0.7252,0.7278,1.0,1.7
10,human_only,MMSR,100,900,0.755,0.7277,0.7299,1.0,0.1
10,human_only,GLAD,100,900,0.76,0.7285,0.7322,1.0,1.6
10,human_only,MACE,100,900,0.758,0.7267,0.7305,1.0,26.7
15,human_only,MajorityVote,150,850,0.771,0.7483,0.7506,1.0,0.0
15,human_only,Wawa,150,850,0.767,0.7416,0.7446,1.0,0.0
15,human_only,DawidSkene,150,850,0.754,0.726,0.7269,1.0,0.2
15,human_only,OneCoinDawidSkene,150,850,0.766,0.7405,0.7439,1.0,0.8
15,human_only,ZeroBasedSkill,150,850,0.767,0.7421,0.7449,1.0,1.7
15,human_only,MMSR,150,850,0.757,0.7314,0.7339,1.0,0.1
15,human_only,GLAD,150,850,0.765,0.7375,0.7413,1.0,1.9
15,human_only,MACE,150,850,0.764,0.7388,0.7424,1.0,27.1
20,human_only,MajorityVote,200,800,0.77,0.7485,0.7508,1.0,0.0
20,human_only,Wawa,200,800,0.764,0.741,0.7435,1.0,0.0
20,human_only,DawidSkene,200,800,0.751,0.7231,0.7268,1.0,0.4
20,human_only,OneCoinDawidSkene,200,800,0.768,0.7451,0.7477,1.0,1.1
20,human_only,ZeroBasedSkill,200,800,0.762,0.7384,0.7407,1.0,1.7
20,human_only,MMSR,200,800,0.761,0.7359,0.7394,1.0,0.1
20,human_only,GLAD,200,800,0.763,0.7369,0.7405,1.0,2.1
20,human_only,MACE,200,800,0.763,0.7376,0.7409,1.0,28.9
25,human_only,MajorityVote,250,750,0.772,0.7527,0.7541,1.0,0.0
25,human_only,Wawa,250,750,0.763,0.7401,0.7418,1.0,0.0
25,human_only,DawidSkene,250,750,0.756,0.7311,0.7328,1.0,0.5
25,human_only,OneCoinDawidSkene,250,750,0.762,0.7402,0.741,1.0,2.1
25,human_only,ZeroBasedSkill,250,750,0.763,0.7402,0.7416,1.0,1.8
25,human_only,MMSR,250,750,0.759,0.7359,0.7387,1.0,0.1
25,human_only,GLAD,250,750,0.766,0.7417,0.7442,1.0,2.3
25,human_only,MACE,250,750,0.764,0.7408,0.7423,1.0,28.1
30,human_only,MajorityVote,300,700,0.776,0.7591,0.7604,1.0,0.0
30,human_only,Wawa,300,700,0.77,0.7501,0.7514,1.0,0.0
30,human_only,DawidSkene,300,700,0.766,0.748,0.7491,1.0,0.3
30,human_only,OneCoinDawidSkene,300,700,0.771,0.7528,0.753,1.0,2.1
30,human_only,ZeroBasedSkill,300,700,0.768,0.7484,0.7489,1.0,1.8
30,human_only,MMSR,300,700,0.767,0.7483,0.7489,1.0,0.1
30,human_only,GLAD,300,700,0.772,0.7502,0.7528,1.0,2.3
30,human_only,MACE,300,700,0.77,0.7495,0.7512,1.0,28.3
35,human_only,MajorityVote,350,650,0.78,0.765,0.7652,1.0,0.0
35,human_only,Wawa,350,650,0.775,0.757,0.7576,1.0,0.0
35,human_only,DawidSkene,350,650,0.774,0.7562,0.756,1.0,0.3
35,human_only,OneCoinDawidSkene,350,650,0.779,0.7625,0.7626,1.0,2.0
35,human_only,ZeroBasedSkill,350,650,0.772,0.7535,0.7534,1.0,1.8
35,human_only,MMSR,350,650,0.768,0.7514,0.7508,1.0,0.1
35,human_only,GLAD,350,650,0.776,0.7563,0.7583,1.0,2.7
35,human_only,MACE,350,650,0.775,0.7554,0.7573,1.0,28.6
40,human_only,MajorityVote,400,600,0.782,0.7691,0.7682,1.0,0.0
40,human_only,Wawa,400,600,0.781,0.7654,0.7655,1.0,0.0
40,human_only,DawidSkene,400,600,0.771,0.7518,0.7512,1.0,0.8
40,human_only,OneCoinDawidSkene,400,600,0.782,0.768,0.7673,1.0,2.3
40,human_only,ZeroBasedSkill,400,600,0.777,0.761,0.7602,1.0,1.8
40,human_only,MMSR,400,600,0.774,0.7596,0.7587,1.0,0.2
40,human_only,GLAD,400,600,0.778,0.761,0.7621,1.0,2.8
40,human_only,MACE,400,600,0.779,0.7623,0.7631,1.0,29.3
45,human_only,MajorityVote,450,550,0.781,0.768,0.7669,1.0,0.0
45,human_only,Wawa,450,550,0.782,0.7662,0.7662,1.0,0.0
45,human_only,DawidSkene,450,550,0.778,0.7622,0.763,1.0,0.3
45,human_only,OneCoinDawidSkene,450,550,0.784,0.7695,0.7693,1.0,2.8
45,human_only,ZeroBasedSkill,450,550,0.778,0.7623,0.7618,1.0,1.9
45,human_only,MMSR,450,550,0.772,0.7567,0.7557,1.0,0.2
45,human_only,GLAD,450,550,0.779,0.7626,0.7634,1.0,3.1
45,human_only,MACE,450,550,0.781,0.7648,0.7657,1.0,29.5
50,human_only,MajorityVote,500,500,0.789,0.7784,0.7766,1.0,0.0
50,human_only,Wawa,500,500,0.789,0.7767,0.7759,1.0,0.0
50,human_only,DawidSkene,500,500,0.785,0.774,0.7743,1.0,0.7
50,human_only,OneCoinDawidSkene,500,500,0.793,0.782,0.7814,1.0,1.5
50,human_only,ZeroBasedSkill,500,500,0.787,0.7747,0.7736,1.0,1.9
50,human_only,MMSR,500,500,0.769,0.7537,0.7542,1.0,0.3
50,human_only,GLAD,500,500,0.784,0.7703,0.771,1.0,3.3
50,human_only,MACE,500,500,0.784,0.7705,0.7706,1.0,30.2
55,human_only,MajorityVote,550,450,0.794,0.7849,0.7826,1.0,0.0
55,human_only,Wawa,550,450,0.793,0.7816,0.7805,1.0,0.0
55,human_only,DawidSkene,550,450,0.788,0.7761,0.7778,1.0,0.8
55,human_only,OneCoinDawidSkene,550,450,0.797,0.7877,0.7863,1.0,1.4
55,human_only,ZeroBasedSkill,550,450,0.789,0.7778,0.7764,1.0,1.9
55,human_only,MMSR,550,450,0.777,0.7632,0.7635,1.0,0.3
55,human_only,GLAD,550,450,0.786,0.7733,0.7734,1.0,3.5
55,human_only,MACE,550,450,0.783,0.7705,0.7703,1.0,30.6
60,human_only,MajorityVote,600,400,0.801,0.7945,0.7915,1.0,0.0
60,human_only,Wawa,600,400,0.8,0.7918,0.7901,1.0,0.0
60,human_only,DawidSkene,600,400,0.798,0.7886,0.7894,1.0,0.5
60,human_only,OneCoinDawidSkene,600,400,0.802,0.7945,0.7929,1.0,1.4
60,human_only,ZeroBasedSkill,600,400,0.799,0.7901,0.789,1.0,1.9
60,human_only,MMSR,600,400,0.789,0.7793,0.7782,1.0,0.3
60,human_only,GLAD,600,400,0.796,0.7867,0.7863,1.0,3.6
60,human_only,MACE,600,400,0.794,0.7845,0.7838,1.0,30.7
65,human_only,MajorityVote,650,350,0.801,0.7945,0.7915,1.0,0.0
65,human_only,Wawa,650,350,0.799,0.7905,0.7889,1.0,0.0
65,human_only,DawidSkene,650,350,0.799,0.7897,0.7902,1.0,0.5
65,human_only,OneCoinDawidSkene,650,350,0.804,0.7962,0.7948,1.0,1.5
65,human_only,ZeroBasedSkill,650,350,0.8,0.791,0.79,1.0,2.0
65,human_only,MMSR,650,350,0.787,0.7771,0.776,1.0,0.3
65,human_only,GLAD,650,350,0.795,0.7854,0.785,1.0,3.7
65,human_only,MACE,650,350,0.794,0.7845,0.7837,1.0,30.8
70,human_only,MajorityVote,700,300,0.813,0.8091,0.805,1.0,0.0
70,human_only,Wawa,700,300,0.811,0.8051,0.8029,1.0,0.0
70,human_only,DawidSkene,700,300,0.82,0.815,0.812,1.0,0.9
70,human_only,OneCoinDawidSkene,700,300,0.814,0.8095,0.8066,1.0,1.4
70,human_only,ZeroBasedSkill,700,300,0.81,0.8043,0.8018,1.0,1.9
70,human_only,MMSR,700,300,0.795,0.7876,0.786,1.0,0.3
70,human_only,GLAD,700,300,0.805,0.7985,0.7967,1.0,3.9
70,human_only,MACE,700,300,0.806,0.7999,0.7978,1.0,31.5
75,human_only,MajorityVote,750,250,0.816,0.8131,0.8084,1.0,0.0
75,human_only,Wawa,750,250,0.813,0.8078,0.8049,1.0,0.0
75,human_only,DawidSkene,750,250,0.815,0.8091,0.8061,1.0,0.7
75,human_only,OneCoinDawidSkene,750,250,0.816,0.8124,0.8089,1.0,1.5
75,human_only,ZeroBasedSkill,750,250,0.815,0.8103,0.807,1.0,1.9
75,human_only,MMSR,750,250,0.802,0.7958,0.7944,1.0,0.3
75,human_only,GLAD,750,250,0.81,0.8045,0.8021,1.0,4.1
75,human_only,MACE,750,250,0.81,0.8042,0.802,1.0,32.4
80,human_only,MajorityVote,800,200,0.802,0.7993,0.7963,1.0,0.0
80,human_only,Wawa,800,200,0.803,0.7986,0.7972,1.0,0.0
80,human_only,DawidSkene,800,200,0.812,0.8069,0.8043,1.0,0.8
80,human_only,OneCoinDawidSkene,800,200,0.794,0.7896,0.7878,1.0,0.9
80,human_only,ZeroBasedSkill,800,200,0.799,0.7937,0.7931,1.0,2.0
80,human_only,MMSR,800,200,0.793,0.787,0.7867,1.0,0.3
80,human_only,GLAD,800,200,0.8,0.7938,0.7938,1.0,4.1
80,human_only,MACE,800,200,0.798,0.7921,0.7918,1.0,32.4
85,human_only,MajorityVote,850,150,0.778,0.7706,0.7716,1.0,0.0
85,human_only,Wawa,850,150,0.778,0.7711,0.772,1.0,0.0
85,human_only,DawidSkene,850,150,0.797,0.7889,0.7882,1.0,1.3
85,human_only,OneCoinDawidSkene,850,150,0.777,0.7705,0.771,1.0,1.1
85,human_only,ZeroBasedSkill,850,150,0.785,0.779,0.78,1.0,2.0
85,human_only,MMSR,850,150,0.778,0.7718,0.7727,1.0,0.3
85,human_only,GLAD,850,150,0.783,0.7765,0.7779,1.0,4.3
85,human_only,MACE,850,150,0.785,0.7785,0.7795,1.0,33.2
90,human_only,MajorityVote,900,100,0.773,0.7664,0.7674,1.0,0.0
90,human_only,Wawa,900,100,0.778,0.7721,0.7731,1.0,0.0
90,human_only,DawidSkene,900,100,0.794,0.7882,0.7874,1.0,1.2
90,human_only,OneCoinDawidSkene,900,100,0.77,0.764,0.7646,1.0,1.1
90,human_only,ZeroBasedSkill,900,100,0.781,0.7759,0.777,1.0,2.0
90,human_only,MMSR,900,100,0.773,0.7677,0.7689,1.0,0.3
90,human_only,GLAD,900,100,0.78,0.7742,0.7756,1.0,4.7
90,human_only,MACE,900,100,0.777,0.7711,0.7726,1.0,34.7
95,human_only,MajorityVote,950,50,0.77,0.7626,0.7631,1.0,0.0
95,human_only,Wawa,950,50,0.773,0.7666,0.7676,1.0,0.0
95,human_only,DawidSkene,950,50,0.792,0.7854,0.7852,1.0,2.3
95,human_only,OneCoinDawidSkene,950,50,0.77,0.7637,0.7649,1.0,1.0
95,human_only,ZeroBasedSkill,950,50,0.78,0.7749,0.7759,1.0,2.0
95,human_only,MMSR,950,50,0.774,0.7686,0.7697,1.0,0.4
95,human_only,GLAD,950,50,0.78,0.7743,0.776,1.0,4.9
95,human_only,MACE,950,50,0.777,0.7709,0.7732,1.0,35.7
