dataset,instances,human_judgments,judgments_per_instance,llm_tokens_in,llm_tokens_out,llm_hosting,judgments_at_X5,judgments_at_X10,judgments_at_X25,judgments_at_X50,judgments_at_X75,effort_saved_at_X5,effort_saved_at_X10,effort_saved_at_X25,effort_saved_at_X50,effort_saved_at_X75
sentiment,4999,27746,5.55,0,0,local,1387,2775,6936,13873,20810,95.0%,90.0%,75.0%,50.0%,25.0%
movie_reviews,1498,7430,4.96,0,0,local,372,743,1858,3715,5572,95.0%,90.0%,75.0%,50.0%,25.0%
crowdtruth_cause,975,14920,15.30,0,0,local,746,1492,3730,7460,11190,95.0%,90.0%,75.0%,50.0%,25.0%
crowdtruth_treat,621,9610,15.48,0,0,local,480,961,2402,4805,7208,95.0%,90.0%,75.0%,50.0%,25.0%
crowdtruth_pooled,1596,14920,9.35,0,0,local,746,1492,3730,7460,11190,95.0%,90.0%,75.0%,50.0%,25.0%
conll_ner_5k,5001,23366,4.67,0,0,local,1168,2337,5842,11683,17524,95.0%,90.0%,75.0%,50.0%,25.0%
pico_5k,5034,31119,6.18,0,0,local,1556,3112,7780,15560,23339,95.0%,90.0%,75.0%,50.0%,25.0%
quiz,155,8930,57.61,0,0,local,446,893,2232,4465,6698,95.0%,90.0%,75.0%,50.0%,25.0%
labelme,1000,2547,2.55,3500000,112510,local,127,255,637,1274,1910,95.0%,90.0%,75.0%,50.0%,25.0%
imagenet16h,4800,28991,6.04,17395200,563882,local,1450,2899,7248,14496,21743,95.0%,90.0%,75.0%,50.0%,25.0%
