X,route,method,n_human,n_llm,MAE,RMSE,R2,pearson_r
5,human_plus_llm,Mean,75,1423,0.093469,0.119324,0.574505,0.885125
5,human_plus_llm,EMBias,75,1423,0.093227,0.119216,0.575279,0.886612
10,human_plus_llm,Mean,150,1348,0.092668,0.118631,0.579437,0.887772
10,human_plus_llm,EMBias,150,1348,0.092507,0.118429,0.580868,0.890573
15,human_plus_llm,Mean,225,1273,0.090797,0.117112,0.590137,0.891753
15,human_plus_llm,EMBias,225,1273,0.090544,0.116649,0.593369,0.895378
20,human_plus_llm,Mean,300,1198,0.088867,0.114959,0.605067,0.898896
20,human_plus_llm,EMBias,300,1198,0.0873,0.113707,0.613624,0.905345
25,human_plus_llm,Mean,374,1124,0.087805,0.113873,0.612492,0.900477
25,human_plus_llm,EMBias,374,1124,0.084893,0.111833,0.626254,0.908778
30,human_plus_llm,Mean,449,1049,0.085958,0.111386,0.629234,0.903747
30,human_plus_llm,EMBias,449,1049,0.081897,0.108811,0.646178,0.912659
35,human_plus_llm,Mean,524,974,0.082884,0.107615,0.653913,0.912481
35,human_plus_llm,EMBias,524,974,0.077955,0.104246,0.675248,0.922734
40,human_plus_llm,Mean,599,899,0.082284,0.107145,0.65693,0.912504
40,human_plus_llm,EMBias,599,899,0.077238,0.103522,0.67974,0.923217
45,human_plus_llm,Mean,674,824,0.080545,0.104973,0.670701,0.914681
45,human_plus_llm,EMBias,674,824,0.075853,0.101426,0.692576,0.927895
50,human_plus_llm,Mean,749,749,0.080458,0.104692,0.672462,0.914785
50,human_plus_llm,EMBias,749,749,0.077133,0.101734,0.690707,0.930368
55,human_plus_llm,Mean,824,674,0.077122,0.100917,0.695657,0.918252
55,human_plus_llm,EMBias,824,674,0.073321,0.097338,0.716861,0.935446
60,human_plus_llm,Mean,899,599,0.074755,0.098123,0.712277,0.9198
60,human_plus_llm,EMBias,899,599,0.069944,0.09379,0.737125,0.93915
65,human_plus_llm,Mean,974,524,0.07182,0.094048,0.735676,0.923505
65,human_plus_llm,EMBias,974,524,0.066628,0.089293,0.761728,0.943603
70,human_plus_llm,Mean,1049,449,0.070094,0.092257,0.745647,0.922458
70,human_plus_llm,EMBias,1049,449,0.064355,0.086805,0.774825,0.945346
75,human_plus_llm,Mean,1124,374,0.067092,0.088554,0.765658,0.924394
75,human_plus_llm,EMBias,1124,374,0.063069,0.083667,0.79081,0.949111
80,human_plus_llm,Mean,1198,300,0.064889,0.085003,0.784074,0.926713
80,human_plus_llm,EMBias,1198,300,0.065097,0.082783,0.795206,0.950581
85,human_plus_llm,Mean,1273,225,0.062039,0.081221,0.802861,0.928113
85,human_plus_llm,EMBias,1273,225,0.05959,0.07678,0.823831,0.953221
90,human_plus_llm,Mean,1348,150,0.059057,0.07692,0.823185,0.931005
90,human_plus_llm,EMBias,1348,150,0.05429,0.070015,0.853506,0.957335
95,human_plus_llm,Mean,1423,75,0.058575,0.075521,0.829561,0.930999
95,human_plus_llm,EMBias,1423,75,0.053512,0.068017,0.861749,0.959088
