X,route,method,n_human,n_llm,accuracy,macro_f1,weighted_f1,f1_in,coverage,seconds
5,human_plus_llm,MajorityVote,252,4782,0.915,0.7101,0.9144,0.4663,1.0,0.1
5,human_plus_llm,Wawa,252,4782,0.9146,0.7094,0.9141,0.4652,1.0,0.1
5,human_plus_llm,DawidSkene,252,4782,0.911,0.7033,0.9114,0.455,1.0,0.5
5,human_plus_llm,OneCoinDawidSkene,252,4782,0.914,0.705,0.9131,0.4567,1.0,0.1
5,human_plus_llm,ZeroBasedSkill,252,4782,0.9146,0.7094,0.9141,0.4652,1.0,2.0
5,human_plus_llm,MMSR,252,4782,0.9146,0.7107,0.9143,0.4678,1.0,0.2
5,human_plus_llm,GLAD,252,4782,0.9146,0.7094,0.9141,0.4652,1.0,1.8
5,human_plus_llm,MACE,252,4782,0.9146,0.7094,0.9141,0.4652,1.0,15.6
10,human_plus_llm,MajorityVote,503,4531,0.9166,0.7129,0.9156,0.471,1.0,0.1
10,human_plus_llm,Wawa,503,4531,0.9162,0.7122,0.9153,0.4698,1.0,0.1
10,human_plus_llm,DawidSkene,503,4531,0.9142,0.7087,0.9138,0.464,1.0,0.2
10,human_plus_llm,OneCoinDawidSkene,503,4531,0.9152,0.7057,0.9138,0.4574,1.0,0.2
10,human_plus_llm,ZeroBasedSkill,503,4531,0.9162,0.7122,0.9153,0.4698,1.0,2.3
10,human_plus_llm,MMSR,503,4531,0.9162,0.7122,0.9153,0.4698,1.0,0.4
10,human_plus_llm,GLAD,503,4531,0.9162,0.7122,0.9153,0.4698,1.0,3.2
10,human_plus_llm,MACE,503,4531,0.9162,0.7122,0.9153,0.4698,1.0,16.7
15,human_plus_llm,MajorityVote,755,4279,0.9176,0.7166,0.9167,0.478,1.0,0.1
15,human_plus_llm,Wawa,755,4279,0.9176,0.7166,0.9167,0.478,1.0,0.1
15,human_plus_llm,DawidSkene,755,4279,0.9144,0.7123,0.9144,0.4712,1.0,0.3
15,human_plus_llm,OneCoinDawidSkene,755,4279,0.9164,0.7092,0.915,0.4637,1.0,0.2
15,human_plus_llm,ZeroBasedSkill,755,4279,0.9176,0.7166,0.9167,0.478,1.0,2.4
15,human_plus_llm,MMSR,755,4279,0.9126,0.7092,0.9131,0.466,1.0,0.6
15,human_plus_llm,GLAD,755,4279,0.9176,0.7166,0.9167,0.478,1.0,4.0
15,human_plus_llm,MACE,755,4279,0.9178,0.7163,0.9167,0.4773,1.0,18.1
20,human_plus_llm,MajorityVote,1007,4027,0.9176,0.7166,0.9167,0.478,1.0,0.1
20,human_plus_llm,Wawa,1007,4027,0.9195,0.7202,0.9182,0.4841,1.0,0.1
20,human_plus_llm,DawidSkene,1007,4027,0.9142,0.7151,0.9148,0.477,1.0,0.2
20,human_plus_llm,OneCoinDawidSkene,1007,4027,0.9174,0.7075,0.9152,0.4597,1.0,0.4
20,human_plus_llm,ZeroBasedSkill,1007,4027,0.9195,0.7202,0.9182,0.4841,1.0,2.5
20,human_plus_llm,MMSR,1007,4027,0.9201,0.7226,0.9188,0.4885,1.0,0.8
20,human_plus_llm,GLAD,1007,4027,0.9195,0.7202,0.9182,0.4841,1.0,8.8
20,human_plus_llm,MACE,1007,4027,0.9195,0.7202,0.9182,0.4841,1.0,19.5
25,human_plus_llm,MajorityVote,1258,3776,0.9197,0.7244,0.9189,0.4925,1.0,0.1
25,human_plus_llm,Wawa,1258,3776,0.9209,0.7241,0.9195,0.491,1.0,0.1
25,human_plus_llm,DawidSkene,1258,3776,0.9172,0.721,0.9171,0.4871,1.0,0.8
25,human_plus_llm,OneCoinDawidSkene,1258,3776,0.919,0.7124,0.9167,0.4688,1.0,0.3
25,human_plus_llm,ZeroBasedSkill,1258,3776,0.9209,0.7241,0.9195,0.491,1.0,2.6
25,human_plus_llm,MMSR,1258,3776,0.9207,0.7224,0.9191,0.4878,1.0,0.9
25,human_plus_llm,GLAD,1258,3776,0.9201,0.72,0.9185,0.4833,1.0,12.4
25,human_plus_llm,MACE,1258,3776,0.9209,0.7241,0.9195,0.491,1.0,20.9
30,human_plus_llm,MajorityVote,1510,3524,0.9199,0.7254,0.9192,0.4944,1.0,0.1
30,human_plus_llm,Wawa,1510,3524,0.9209,0.7241,0.9195,0.491,1.0,0.1
30,human_plus_llm,DawidSkene,1510,3524,0.9172,0.721,0.9171,0.4871,1.0,2.6
30,human_plus_llm,OneCoinDawidSkene,1510,3524,0.918,0.7072,0.9154,0.4587,1.0,0.4
30,human_plus_llm,ZeroBasedSkill,1510,3524,0.9209,0.7241,0.9195,0.491,1.0,2.8
30,human_plus_llm,MMSR,1510,3524,0.9211,0.7232,0.9194,0.4891,1.0,1.1
30,human_plus_llm,GLAD,1510,3524,0.9201,0.72,0.9185,0.4833,1.0,12.1
30,human_plus_llm,MACE,1510,3524,0.9207,0.7263,0.9197,0.4956,1.0,22.5
35,human_plus_llm,MajorityVote,1762,3272,0.9207,0.7269,0.9198,0.4968,1.0,0.1
35,human_plus_llm,Wawa,1762,3272,0.9239,0.7297,0.9218,0.5007,1.0,0.1
35,human_plus_llm,DawidSkene,1762,3272,0.9138,0.7275,0.9164,0.5023,1.0,0.2
35,human_plus_llm,OneCoinDawidSkene,1762,3272,0.9209,0.7126,0.9177,0.4679,1.0,0.4
35,human_plus_llm,ZeroBasedSkill,1762,3272,0.9239,0.7297,0.9218,0.5007,1.0,3.0
35,human_plus_llm,MMSR,1762,3272,0.9241,0.7288,0.9217,0.4987,1.0,1.2
35,human_plus_llm,GLAD,1762,3272,0.9231,0.7256,0.9208,0.4928,1.0,16.1
35,human_plus_llm,MACE,1762,3272,0.9237,0.7319,0.922,0.5052,1.0,24.0
40,human_plus_llm,MajorityVote,2014,3020,0.9213,0.7299,0.9205,0.5025,1.0,0.1
40,human_plus_llm,Wawa,2014,3020,0.9201,0.7226,0.9188,0.4885,1.0,0.1
40,human_plus_llm,DawidSkene,2014,3020,0.9154,0.7385,0.9188,0.5235,1.0,0.2
40,human_plus_llm,OneCoinDawidSkene,2014,3020,0.9299,0.7301,0.9248,0.4979,1.0,0.5
40,human_plus_llm,ZeroBasedSkill,2014,3020,0.9201,0.7226,0.9188,0.4885,1.0,3.1
40,human_plus_llm,MMSR,2014,3020,0.9337,0.7502,0.9297,0.5361,1.0,1.4
40,human_plus_llm,GLAD,2014,3020,0.9313,0.7392,0.9268,0.5154,1.0,20.8
40,human_plus_llm,MACE,2014,3020,0.907,0.7139,0.911,0.4788,1.0,25.6
45,human_plus_llm,MajorityVote,2265,2769,0.9219,0.731,0.921,0.5044,1.0,0.1
45,human_plus_llm,Wawa,2265,2769,0.9213,0.7268,0.9201,0.4962,1.0,0.1
45,human_plus_llm,DawidSkene,2265,2769,0.9136,0.7365,0.9176,0.5204,1.0,0.2
45,human_plus_llm,OneCoinDawidSkene,2265,2769,0.9305,0.7313,0.9252,0.5,1.0,0.5
45,human_plus_llm,ZeroBasedSkill,2265,2769,0.9213,0.7268,0.9201,0.4962,1.0,3.3
45,human_plus_llm,MMSR,2265,2769,0.9342,0.7515,0.9301,0.5384,1.0,1.5
45,human_plus_llm,GLAD,2265,2769,0.9319,0.7405,0.9273,0.5176,1.0,22.9
45,human_plus_llm,MACE,2265,2769,0.9068,0.7192,0.9116,0.4897,1.0,27.1
50,human_plus_llm,MajorityVote,2517,2517,0.9213,0.7268,0.9201,0.4962,1.0,0.1
50,human_plus_llm,Wawa,2517,2517,0.9207,0.7237,0.9193,0.4904,1.0,0.1
50,human_plus_llm,DawidSkene,2517,2517,0.9142,0.7391,0.9183,0.5253,1.0,0.2
50,human_plus_llm,OneCoinDawidSkene,2517,2517,0.9305,0.7313,0.9252,0.5,1.0,0.4
50,human_plus_llm,ZeroBasedSkill,2517,2517,0.9207,0.7237,0.9193,0.4904,1.0,3.4
50,human_plus_llm,MMSR,2517,2517,0.9352,0.7568,0.9314,0.5485,1.0,1.7
50,human_plus_llm,GLAD,2517,2517,0.9319,0.7405,0.9273,0.5176,1.0,21.1
50,human_plus_llm,MACE,2517,2517,0.934,0.751,0.93,0.5376,1.0,28.3
55,human_plus_llm,MajorityVote,2769,2265,0.9251,0.7402,0.9239,0.521,1.0,0.1
55,human_plus_llm,Wawa,2769,2265,0.9376,0.7645,0.9338,0.5627,1.0,0.1
55,human_plus_llm,DawidSkene,2769,2265,0.9154,0.7462,0.9199,0.539,1.0,0.2
55,human_plus_llm,OneCoinDawidSkene,2769,2265,0.9333,0.7372,0.9275,0.5102,1.0,0.4
55,human_plus_llm,ZeroBasedSkill,2769,2265,0.9372,0.7637,0.9334,0.5611,1.0,3.6
55,human_plus_llm,MMSR,2769,2265,0.9035,0.7023,0.9074,0.4576,1.0,1.9
55,human_plus_llm,GLAD,2769,2265,0.9346,0.7464,0.9296,0.528,1.0,27.0
55,human_plus_llm,MACE,2769,2265,0.9376,0.7627,0.9335,0.559,1.0,29.7
60,human_plus_llm,MajorityVote,3020,2014,0.9253,0.7412,0.9242,0.5228,1.0,0.1
60,human_plus_llm,Wawa,3020,2014,0.9384,0.7687,0.9348,0.5706,1.0,0.1
60,human_plus_llm,DawidSkene,3020,2014,0.9166,0.7517,0.9213,0.5494,1.0,0.3
60,human_plus_llm,OneCoinDawidSkene,3020,2014,0.9335,0.7383,0.9278,0.5124,1.0,0.4
60,human_plus_llm,ZeroBasedSkill,3020,2014,0.9376,0.7657,0.934,0.5651,1.0,3.6
60,human_plus_llm,MMSR,3020,2014,0.9346,0.7592,0.9315,0.5536,1.0,2.1
60,human_plus_llm,GLAD,3020,2014,0.9364,0.7563,0.9319,0.5467,1.0,29.8
60,human_plus_llm,MACE,3020,2014,0.9386,0.768,0.9348,0.569,1.0,31.9
65,human_plus_llm,MajorityVote,3272,1762,0.9253,0.7412,0.9242,0.5228,1.0,0.1
65,human_plus_llm,Wawa,3272,1762,0.9378,0.7656,0.934,0.5647,1.0,0.1
65,human_plus_llm,DawidSkene,3272,1762,0.9259,0.7641,0.9279,0.5688,1.0,4.1
65,human_plus_llm,OneCoinDawidSkene,3272,1762,0.9335,0.7383,0.9278,0.5124,1.0,0.4
65,human_plus_llm,ZeroBasedSkill,3272,1762,0.9376,0.7657,0.934,0.5651,1.0,3.9
65,human_plus_llm,MMSR,3272,1762,0.9346,0.7592,0.9315,0.5536,1.0,2.2
65,human_plus_llm,GLAD,3272,1762,0.9364,0.7563,0.9319,0.5467,1.0,30.8
65,human_plus_llm,MACE,3272,1762,0.939,0.7689,0.9351,0.5706,1.0,32.6
70,human_plus_llm,MajorityVote,3524,1510,0.9279,0.7463,0.9262,0.5316,1.0,0.1
70,human_plus_llm,Wawa,3524,1510,0.9398,0.7683,0.9354,0.569,1.0,0.1
70,human_plus_llm,DawidSkene,3524,1510,0.9253,0.7724,0.9288,0.5859,1.0,0.9
70,human_plus_llm,OneCoinDawidSkene,3524,1510,0.936,0.744,0.9299,0.5223,1.0,0.5
70,human_plus_llm,ZeroBasedSkill,3524,1510,0.9402,0.7716,0.9361,0.5755,1.0,4.0
70,human_plus_llm,MMSR,3524,1510,0.9408,0.773,0.9366,0.5779,1.0,2.4
70,human_plus_llm,GLAD,3524,1510,0.939,0.7621,0.9341,0.557,1.0,33.3
70,human_plus_llm,MACE,3524,1510,0.9412,0.7728,0.9368,0.5771,1.0,34.9
75,human_plus_llm,MajorityVote,3776,1258,0.9295,0.7495,0.9275,0.5372,1.0,0.1
75,human_plus_llm,Wawa,3776,1258,0.9414,0.772,0.9368,0.5755,1.0,0.1
75,human_plus_llm,DawidSkene,3776,1258,0.9241,0.7715,0.928,0.5848,1.0,0.2
75,human_plus_llm,OneCoinDawidSkene,3776,1258,0.9396,0.7521,0.9328,0.5366,1.0,0.4
75,human_plus_llm,ZeroBasedSkill,3776,1258,0.9418,0.7754,0.9375,0.582,1.0,4.1
75,human_plus_llm,MMSR,3776,1258,0.9424,0.7768,0.938,0.5845,1.0,2.6
75,human_plus_llm,GLAD,3776,1258,0.9406,0.7658,0.9354,0.5635,1.0,35.6
75,human_plus_llm,MACE,3776,1258,0.9428,0.7777,0.9383,0.5862,1.0,36.3
80,human_plus_llm,MajorityVote,4027,1007,0.9384,0.7687,0.9348,0.5706,1.0,0.1
80,human_plus_llm,Wawa,4027,1007,0.9515,0.8011,0.9461,0.628,1.0,0.1
80,human_plus_llm,DawidSkene,4027,1007,0.9325,0.7892,0.9349,0.6154,1.0,0.3
80,human_plus_llm,OneCoinDawidSkene,4027,1007,0.9485,0.7744,0.9406,0.5761,1.0,0.4
80,human_plus_llm,ZeroBasedSkill,4027,1007,0.9507,0.7978,0.9452,0.622,1.0,4.5
80,human_plus_llm,MMSR,4027,1007,0.9519,0.8027,0.9465,0.6311,1.0,2.7
80,human_plus_llm,GLAD,4027,1007,0.9509,0.796,0.945,0.6182,1.0,37.9
80,human_plus_llm,MACE,4027,1007,0.9499,0.7934,0.9442,0.6135,1.0,37.5
85,human_plus_llm,MajorityVote,4279,755,0.943,0.78,0.9387,0.5906,1.0,0.1
85,human_plus_llm,Wawa,4279,755,0.9555,0.8109,0.9495,0.6456,1.0,0.1
85,human_plus_llm,DawidSkene,4279,755,0.9267,0.7778,0.9303,0.5958,1.0,0.3
85,human_plus_llm,OneCoinDawidSkene,4279,755,0.9531,0.7869,0.9447,0.5986,1.0,0.4
85,human_plus_llm,ZeroBasedSkill,4279,755,0.9553,0.8109,0.9494,0.6457,1.0,4.5
85,human_plus_llm,MMSR,4279,755,0.9557,0.8092,0.9494,0.6421,1.0,2.9
85,human_plus_llm,GLAD,4279,755,0.9545,0.8023,0.9477,0.6288,1.0,39.5
85,human_plus_llm,MACE,4279,755,0.9545,0.8035,0.9479,0.6312,1.0,37.9
90,human_plus_llm,MajorityVote,4531,503,0.943,0.78,0.9387,0.5906,1.0,0.1
90,human_plus_llm,Wawa,4531,503,0.9549,0.8075,0.9487,0.6391,1.0,0.1
90,human_plus_llm,DawidSkene,4531,503,0.9259,0.7793,0.9301,0.5994,1.0,0.3
90,human_plus_llm,OneCoinDawidSkene,4531,503,0.9541,0.793,0.9461,0.6105,1.0,0.4
90,human_plus_llm,ZeroBasedSkill,4531,503,0.9559,0.8142,0.9502,0.652,1.0,4.6
90,human_plus_llm,MMSR,4531,503,0.9557,0.8092,0.9494,0.6421,1.0,3.1
90,human_plus_llm,GLAD,4531,503,0.9531,0.7941,0.9458,0.6131,1.0,40.4
90,human_plus_llm,MACE,4531,503,0.9527,0.8037,0.9471,0.6327,1.0,40.0
95,human_plus_llm,MajorityVote,4782,252,0.9438,0.7842,0.9398,0.5986,1.0,0.1
95,human_plus_llm,Wawa,4782,252,0.9557,0.812,0.9498,0.6477,1.0,0.1
95,human_plus_llm,DawidSkene,4782,252,0.9297,0.7919,0.9338,0.6226,1.0,0.3
95,human_plus_llm,OneCoinDawidSkene,4782,252,0.9549,0.7979,0.9472,0.6198,1.0,0.4
95,human_plus_llm,ZeroBasedSkill,4782,252,0.9567,0.8187,0.9513,0.6604,1.0,4.7
95,human_plus_llm,MMSR,4782,252,0.9571,0.8171,0.9512,0.6571,1.0,3.2
95,human_plus_llm,GLAD,4782,252,0.9567,0.8149,0.9507,0.6529,1.0,42.7
95,human_plus_llm,MACE,4782,252,0.9535,0.8081,0.9481,0.6411,1.0,41.5
